date,channel,campaign_name,impressions,clicks,conversions,spend,revenue
2023-01-01,Email,Newsletter_Weekly,1392,30,1,13.34,117.06
2023-01-01,Display,Lookalike_Audience,5937,18,0,4.54,0.0
2023-01-01,Search,Product_Category,570,39,6,78.25,754.36
2023-01-01,Social,Influencer_Collab,4514,33,0,35.37,0.0
2023-01-04,Search,Product_Category,1213,71,8,201.22,362.65
2023-01-04,Social,Product_Launch_IG,6503,90,1,96.25,61.17
2023-01-04,Display,Contextual_Targeting,11149,51,0,16.13,0.0
2023-01-04,Email,Onboarding_Drip,2208,91,7,54.11,506.22
2023-01-08,Email,Newsletter_Weekly,1149,53,5,23.53,327.68
2023-01-08,Social,Retargeting_TikTok,3722,27,0,29.39,0.0
2023-01-08,Display,Contextual_Targeting,8166,30,0,8.5,0.0
2023-01-08,Search,Product_Category,588,38,6,100.43,257.15
2023-01-11,Display,Remarketing_Cart,13251,64,0,16.18,0.0
2023-01-11,Email,Re-engagement_Win-back,2233,100,5,43.2,550.3
2023-01-11,Search,Product_Category,1199,67,6,144.6,152.43
2023-01-11,Social,Retargeting_TikTok,21468,268,3,142.61,397.79
2023-01-15,Email,Re-engagement_Win-back,1280,32,3,18.7,419.44
2023-01-15,Social,Brand_Awareness_FB,3285,52,2,70.68,126.88
2023-01-15,Display,Remarketing_Cart,9367,27,0,8.45,0.0
2023-01-15,Search,Long_Tail_Queries,555,35,2,96.62,241.46
2023-01-18,Social,Product_Launch_IG,6052,77,1,82.06,33.87
2023-01-18,Display,Banner_Homepage,12162,63,1,16.96,84.12
2023-01-18,Search,Competitor_Terms,794,32,3,80.45,179.43
2023-01-18,Email,Newsletter_Weekly,1889,75,5,43.49,407.18
2023-01-21,Email,Newsletter_Weekly,1567,48,3,27.49,95.31
2023-01-21,Social,Product_Launch_IG,3511,49,1,49.61,48.95
2023-01-21,Search,Brand_Keywords,727,38,3,111.08,241.17
2023-01-21,Display,Remarketing_Cart,5572,31,0,11.04,0.0
2023-01-25,Display,Remarketing_Cart,8128,31,0,9.42,0.0
2023-01-25,Social,Influencer_Collab,8739,128,3,165.68,348.94
2023-01-25,Email,Onboarding_Drip,2069,55,3,22.64,217.11
2023-01-25,Search,Brand_Keywords,882,48,8,123.8,742.2
2023-01-28,Display,Remarketing_Cart,5586,24,0,6.05,0.0
2023-01-28,Search,Brand_Keywords,667,39,5,89.7,322.61
2023-01-28,Social,Retargeting_TikTok,5302,59,1,71.45,141.84
2023-01-28,Email,Newsletter_Weekly,1569,62,3,26.29,408.86
2023-01-31,Display,Banner_Homepage,11524,36,0,8.86,0.0
2023-01-31,Social,Brand_Awareness_FB,7902,98,4,98.95,539.06
2023-01-31,Search,Product_Category,1315,61,5,134.85,339.3
2023-01-31,Email,Newsletter_Weekly,2646,120,8,51.79,1033.74
2023-02-03,Email,Newsletter_Weekly,1968,48,5,20.75,401.15
2023-02-03,Search,Product_Category,1117,45,4,131.99,586.1
2023-02-03,Social,Product_Launch_IG,5592,90,3,92.84,88.51
2023-02-03,Display,Remarketing_Cart,9635,30,0,10.01,0.0
2023-02-07,Email,Onboarding_Drip,2719,131,13,75.49,365.28
2023-02-07,Display,Lookalike_Audience,9921,44,0,12.03,0.0
2023-02-07,Social,Brand_Awareness_FB,8697,96,3,126.03,168.06
2023-02-07,Search,Competitor_Terms,1106,45,5,98.98,699.03
2023-02-11,Search,Competitor_Terms,790,54,4,146.27,100.85
2023-02-11,Social,Brand_Awareness_FB,3837,49,1,65.54,79.55
2023-02-11,Display,Lookalike_Audience,7800,20,0,5.59,0.0
2023-02-11,Email,Onboarding_Drip,1763,78,5,31.63,673.15
2023-02-14,Social,Retargeting_TikTok,24931,325,4,148.0,373.97
2023-02-14,Display,Remarketing_Cart,13476,44,0,13.83,0.0
2023-02-14,Email,Re-engagement_Win-back,2538,76,7,38.83,342.86
2023-02-14,Search,Competitor_Terms,1204,74,6,183.02,825.89
2023-02-17,Display,Remarketing_Cart,14750,68,0,20.87,0.0
2023-02-17,Search,Competitor_Terms,1364,53,7,146.81,268.26
2023-02-17,Email,Newsletter_Weekly,1952,51,2,22.9,168.78
2023-02-17,Social,Product_Launch_IG,7587,119,3,155.27,218.99
2023-02-21,Display,Remarketing_Cart,10673,37,0,9.24,0.0
2023-02-21,Email,Re-engagement_Win-back,2619,127,11,74.93,1500.71
2023-02-21,Social,Product_Launch_IG,9508,118,4,155.4,337.34
2023-02-21,Search,Product_Category,1528,81,12,201.25,658.87
2023-02-25,Email,Newsletter_Weekly,1251,40,3,19.33,152.56
2023-02-25,Social,Influencer_Collab,6858,99,2,95.32,137.94
2023-02-25,Display,Remarketing_Cart,6484,22,0,6.35,0.0
2023-02-25,Search,Long_Tail_Queries,924,71,11,205.74,946.32
2023-02-28,Search,Brand_Keywords,1112,48,2,121.89,299.98
2023-02-28,Email,Promo_Flash_Sale,3048,114,10,47.51,785.77
2023-02-28,Social,Influencer_Collab,5964,64,1,71.48,120.15
2023-02-28,Display,Remarketing_Cart,15275,68,1,24.07,49.92
2023-03-04,Display,Banner_Homepage,7071,34,0,10.61,0.0
2023-03-04,Email,Promo_Flash_Sale,1351,53,4,23.51,449.73
2023-03-04,Search,Competitor_Terms,1168,80,13,190.02,1854.89
2023-03-04,Social,Brand_Awareness_FB,6175,101,3,134.67,136.41
2023-03-07,Display,Contextual_Targeting,16251,82,0,28.36,0.0
2023-03-07,Email,Re-engagement_Win-back,2565,101,4,53.48,106.33
2023-03-07,Social,Retargeting_TikTok,6402,105,3,142.57,340.24
2023-03-07,Search,Product_Category,1435,124,18,305.64,2307.9
2023-03-10,Display,Lookalike_Audience,11984,51,0,15.49,0.0
2023-03-10,Social,Product_Launch_IG,8759,106,2,114.04,151.61
2023-03-10,Email,Onboarding_Drip,1823,81,4,35.84,498.92
2023-03-10,Search,Competitor_Terms,1511,109,12,304.43,439.58
2023-03-13,Email,Promo_Flash_Sale,2880,82,4,34.78,196.29
2023-03-13,Social,Brand_Awareness_FB,6976,99,2,123.06,240.05
2023-03-13,Search,Brand_Keywords,1643,89,9,204.9,1021.52
2023-03-13,Display,Banner_Homepage,17594,73,1,18.63,133.56
2023-03-16,Search,Long_Tail_Queries,1038,53,6,128.06,597.1
2023-03-16,Display,Banner_Homepage,13416,51,1,18.3,63.17
2023-03-16,Email,Newsletter_Weekly,2544,84,4,34.46,570.53
2023-03-16,Social,Retargeting_TikTok,8126,64,2,63.09,87.3
2023-03-20,Display,Remarketing_Cart,13361,55,0,19.2,0.0
2023-03-20,Social,Influencer_Collab,8483,109,2,116.75,226.74
2023-03-20,Email,Re-engagement_Win-back,2820,80,3,35.84,282.0
2023-03-20,Search,Competitor_Terms,1039,53,4,147.94,394.89
2023-03-23,Email,Re-engagement_Win-back,2795,123,13,60.0,1086.63
2023-03-23,Social,Retargeting_TikTok,11156,133,3,132.82,89.95
2023-03-23,Display,Contextual_Targeting,18331,83,0,20.32,0.0
2023-03-23,Search,Brand_Keywords,1498,60,5,160.46,662.82
2023-03-26,Display,Lookalike_Audience,12125,61,0,21.0,0.0
2023-03-26,Search,Long_Tail_Queries,1181,79,9,182.85,588.68
2023-03-26,Email,Onboarding_Drip,1508,56,5,27.91,182.03
2023-03-26,Social,Influencer_Collab,5549,45,0,52.09,0.0
2023-03-30,Search,Long_Tail_Queries,1084,98,16,241.22,634.93
2023-03-30,Social,Influencer_Collab,6927,114,3,122.53,134.39
2023-03-30,Email,Re-engagement_Win-back,2891,122,6,62.2,845.75
2023-03-30,Display,Contextual_Targeting,18065,60,1,17.39,85.31
2023-04-03,Email,Re-engagement_Win-back,2521,118,9,67.95,1197.03
2023-04-03,Social,Influencer_Collab,8169,120,2,115.35,231.51
2023-04-03,Display,Lookalike_Audience,17666,97,1,27.74,132.0
2023-04-03,Search,Product_Category,1762,109,12,254.24,1444.31
2023-04-07,Display,Contextual_Targeting,17022,55,0,15.82,0.0
2023-04-07,Social,Brand_Awareness_FB,11640,97,4,108.58,150.18
2023-04-07,Search,Long_Tail_Queries,1478,92,13,221.72,1389.02
2023-04-07,Email,Re-engagement_Win-back,3066,134,9,71.39,1148.34
2023-04-10,Display,Contextual_Targeting,11519,47,0,15.75,0.0
2023-04-10,Email,Onboarding_Drip,2951,135,10,68.61,1021.82
2023-04-10,Social,Influencer_Collab,11872,170,4,171.23,416.87
2023-04-10,Search,Long_Tail_Queries,1170,63,3,146.44,96.04
2023-04-14,Email,Re-engagement_Win-back,2753,102,5,53.81,412.23
2023-04-14,Display,Lookalike_Audience,15341,65,1,17.9,147.24
2023-04-14,Social,Influencer_Collab,11404,156,3,182.84,204.59
2023-04-14,Search,Long_Tail_Queries,1638,102,9,305.94,1185.0
2023-04-17,Email,Onboarding_Drip,2875,115,11,47.13,1108.81
2023-04-17,Display,Lookalike_Audience,11126,37,0,9.66,0.0
2023-04-17,Search,Competitor_Terms,1588,136,18,314.01,1441.85
2023-04-17,Social,Product_Launch_IG,10747,101,3,107.58,146.3
2023-04-20,Social,Influencer_Collab,10933,127,2,167.89,106.4
2023-04-20,Search,Long_Tail_Queries,1894,153,15,426.97,401.1
2023-04-20,Email,Onboarding_Drip,3323,93,9,46.16,1132.3
2023-04-20,Display,Remarketing_Cart,13626,65,0,18.57,0.0
2023-04-24,Email,Re-engagement_Win-back,1988,90,7,52.47,368.7
2023-04-24,Display,Lookalike_Audience,15607,73,1,23.26,129.21
2023-04-24,Search,Long_Tail_Queries,1141,58,7,138.54,499.64
2023-04-24,Social,Influencer_Collab,11545,116,3,119.14,429.85
2023-04-27,Search,Competitor_Terms,1121,56,7,166.38,219.26
2023-04-27,Email,Onboarding_Drip,3101,83,6,37.12,422.01
2023-04-27,Display,Remarketing_Cart,17404,53,1,16.24,98.3
2023-04-27,Social,Influencer_Collab,9527,158,4,181.87,194.9
2023-04-30,Social,Retargeting_TikTok,7663,63,2,64.47,139.56
2023-04-30,Search,Long_Tail_Queries,737,38,2,92.0,78.41
2023-04-30,Email,Onboarding_Drip,2270,97,8,44.18,1184.03
2023-04-30,Display,Lookalike_Audience,12134,49,0,14.72,0.0
2023-05-04,Social,Retargeting_TikTok,6907,55,1,54.53,59.38
2023-05-04,Display,Remarketing_Cart,17997,80,1,26.12,51.88
2023-05-04,Email,Re-engagement_Win-back,3024,66,7,37.58,547.99
2023-05-04,Search,Brand_Keywords,1379,96,9,240.53,708.97
2023-05-08,Social,Retargeting_TikTok,11794,162,4,162.61,142.68
2023-05-08,Email,Onboarding_Drip,2512,84,6,35.2,470.07
2023-05-08,Display,Lookalike_Audience,18159,98,1,34.29,31.43
2023-05-08,Search,Product_Category,1760,119,15,304.83,993.09
2023-05-11,Display,Banner_Homepage,13485,40,0,12.76,0.0
2023-05-11,Email,Onboarding_Drip,2116,74,3,36.74,392.73
2023-05-11,Social,Brand_Awareness_FB,7116,70,1,81.62,95.12
2023-05-11,Search,Product_Category,1577,115,16,233.33,946.54
2023-05-14,Display,Banner_Homepage,11448,49,0,13.57,0.0
2023-05-14,Search,Product_Category,1025,63,5,173.56,196.14
2023-05-14,Social,Influencer_Collab,7950,69,2,67.89,70.4
2023-05-14,Email,Newsletter_Weekly,2225,60,4,28.09,285.03
2023-05-17,Social,Retargeting_TikTok,10572,93,2,120.69,175.07
2023-05-17,Search,Long_Tail_Queries,1094,91,5,183.71,700.73
2023-05-17,Display,Contextual_Targeting,15380,71,0,18.02,0.0
2023-05-17,Email,Re-engagement_Win-back,2272,107,10,59.15,611.81
2023-05-20,Search,Competitor_Terms,1277,73,10,205.78,1268.8
2023-05-20,Social,Product_Launch_IG,7369,68,2,67.77,208.31
2023-05-20,Display,Contextual_Targeting,8771,25,0,8.28,0.0
2023-05-20,Email,Onboarding_Drip,1450,64,3,33.14,271.49
2023-05-24,Social,Retargeting_TikTok,11117,146,2,144.95,160.55
2023-05-24,Display,Banner_Homepage,10890,56,1,17.57,88.38
2023-05-24,Search,Product_Category,1539,88,6,216.63,178.21
2023-05-24,Email,Onboarding_Drip,3154,133,10,77.78,955.61
2023-05-28,Display,Banner_Homepage,9594,33,0,11.05,0.0
2023-05-28,Search,Long_Tail_Queries,1141,103,12,268.81,845.85
2023-05-28,Social,Product_Launch_IG,4834,76,1,99.02,88.07
2023-05-28,Email,Re-engagement_Win-back,2370,87,4,45.33,350.68
2023-06-01,Social,Brand_Awareness_FB,11240,114,3,145.67,123.36
2023-06-01,Display,Contextual_Targeting,15648,58,0,16.44,0.0
2023-06-01,Email,Promo_Flash_Sale,2348,96,8,55.8,1073.28
2023-06-01,Search,Brand_Keywords,1274,74,11,208.18,1196.41
2023-06-05,Search,Long_Tail_Queries,1615,66,6,179.49,877.19
2023-06-05,Email,Newsletter_Weekly,2235,55,2,31.29,75.29
2023-06-05,Social,Product_Launch_IG,9779,152,5,189.5,221.41
2023-06-05,Display,Contextual_Targeting,11985,37,0,12.36,0.0
2023-06-09,Display,Contextual_Targeting,16805,87,1,25.21,74.56
2023-06-09,Search,Competitor_Terms,1230,96,8,278.91,347.35
2023-06-09,Social,Brand_Awareness_FB,10801,83,2,94.47,283.57
2023-06-09,Email,Promo_Flash_Sale,3075,131,10,63.37,452.57
2023-06-12,Search,Long_Tail_Queries,1742,69,5,148.32,712.64
2023-06-12,Social,Brand_Awareness_FB,6330,101,2,137.25,239.71
2023-06-12,Email,Promo_Flash_Sale,2429,52,5,29.53,531.23
2023-06-12,Display,Contextual_Targeting,10740,35,0,8.6,0.0
2023-06-15,Email,Promo_Flash_Sale,1996,92,8,37.1,715.38
2023-06-15,Search,Long_Tail_Queries,1028,68,8,203.21,754.15
2023-06-15,Display,Remarketing_Cart,10085,36,0,11.87,0.0
2023-06-15,Social,Retargeting_TikTok,7593,54,1,66.63,48.41
2023-06-18,Social,Influencer_Collab,7214,99,4,117.78,191.14
2023-06-18,Search,Long_Tail_Queries,695,34,5,98.12,322.25
2023-06-18,Display,Banner_Homepage,12461,51,0,16.85,0.0
2023-06-18,Email,Promo_Flash_Sale,2100,87,5,35.57,466.26
2023-06-21,Email,Onboarding_Drip,2207,95,7,45.6,559.77
2023-06-21,Search,Product_Category,1018,71,11,180.73,716.67
2023-06-21,Social,Influencer_Collab,10939,130,3,182.48,269.73
2023-06-21,Display,Lookalike_Audience,12047,52,0,16.78,0.0
2023-06-25,Display,Banner_Homepage,10896,46,0,13.24,0.0
2023-06-25,Email,Promo_Flash_Sale,1525,73,8,30.3,837.51
2023-06-25,Search,Long_Tail_Queries,863,76,4,163.66,324.96
2023-06-25,Social,Retargeting_TikTok,7479,64,2,85.44,58.7
2023-06-28,Display,Remarketing_Cart,14637,68,1,18.69,62.49
2023-06-28,Social,Brand_Awareness_FB,6887,90,3,129.54,150.07
2023-06-28,Email,Re-engagement_Win-back,2845,99,7,50.72,404.05
2023-06-28,Search,Product_Category,1291,110,12,229.66,1322.89
2023-07-01,Social,Influencer_Collab,5639,93,1,128.75,33.22
2023-07-01,Email,Onboarding_Drip,1734,42,2,17.97,247.59
2023-07-01,Display,Remarketing_Cart,9014,36,0,12.22,0.0
2023-07-01,Search,Long_Tail_Queries,934,73,11,151.38,1612.02
2023-07-05,Social,Retargeting_TikTok,7339,119,4,162.56,225.3
2023-07-05,Email,Promo_Flash_Sale,2430,110,11,55.4,693.17
2023-07-05,Search,Competitor_Terms,1002,54,6,135.14,276.48
2023-07-05,Display,Banner_Homepage,10386,45,0,12.62,0.0
2023-07-08,Social,Influencer_Collab,5583,73,1,103.6,85.37
2023-07-08,Display,Lookalike_Audience,7938,37,0,12.7,0.0
2023-07-08,Email,Newsletter_Weekly,1219,47,4,24.92,483.48
2023-07-08,Search,Competitor_Terms,785,33,2,80.51,171.06
2023-07-11,Display,Contextual_Targeting,15983,64,1,17.01,69.11
2023-07-11,Email,Re-engagement_Win-back,2108,71,4,31.92,148.41
2023-07-11,Search,Brand_Keywords,1026,48,8,118.41,1079.08
2023-07-11,Social,Retargeting_TikTok,9605,107,4,149.06,506.74
2023-07-15,Social,Influencer_Collab,4984,55,1,57.94,94.15
2023-07-15,Email,Re-engagement_Win-back,1417,30,1,12.8,58.06
2023-07-15,Search,Long_Tail_Queries,1004,53,9,142.06,358.66
2023-07-15,Display,Contextual_Targeting,8012,44,0,12.49,0.0
2023-07-18,Display,Remarketing_Cart,12831,63,1,20.32,28.33
2023-07-18,Social,Retargeting_TikTok,6848,89,1,127.76,117.41
2023-07-18,Search,Long_Tail_Queries,3677,168,9,205.03,759.25
2023-07-18,Email,Promo_Flash_Sale,1665,41,2,20.28,164.25
2023-07-21,Display,Contextual_Targeting,12179,51,1,15.17,72.1
2023-07-21,Social,Product_Launch_IG,5412,88,1,85.28,64.21
2023-07-21,Email,Promo_Flash_Sale,2371,61,5,31.96,650.73
2023-07-21,Search,Competitor_Terms,1139,90,15,258.55,1754.69
2023-07-24,Search,Product_Category,1332,99,11,245.5,1045.67
2023-07-24,Display,Remarketing_Cart,10358,43,0,14.94,0.0
2023-07-24,Social,Retargeting_TikTok,6048,57,1,60.87,146.61
2023-07-24,Email,Re-engagement_Win-back,2287,91,9,48.79,1129.11
2023-07-27,Social,Product_Launch_IG,6002,74,3,95.77,126.48
2023-07-27,Display,Contextual_Targeting,8891,43,0,13.16,0.0
2023-07-27,Email,Promo_Flash_Sale,1590,75,3,43.86,320.99
2023-07-27,Search,Long_Tail_Queries,988,72,8,189.93,252.49
2023-07-31,Social,Product_Launch_IG,7312,103,4,144.03,187.53
2023-07-31,Email,Promo_Flash_Sale,2342,98,6,44.79,194.37
2023-07-31,Display,Contextual_Targeting,14048,34,0,8.6,0.0
2023-07-31,Search,Product_Category,1444,59,9,164.49,434.6
2023-08-04,Display,Banner_Homepage,14156,34,0,9.98,0.0
2023-08-04,Email,Onboarding_Drip,2547,86,4,36.34,181.25
2023-08-04,Search,Product_Category,1342,88,6,234.89,288.59
2023-08-04,Social,Influencer_Collab,7933,58,1,63.89,109.3
2023-08-07,Search,Competitor_Terms,874,68,9,164.28,842.89
2023-08-07,Display,Lookalike_Audience,12781,58,0,19.4,0.0
2023-08-07,Social,Influencer_Collab,7691,102,4,115.91,210.42
2023-08-07,Email,Onboarding_Drip,2262,91,4,38.55,253.4
2023-08-10,Email,Promo_Flash_Sale,2548,61,6,35.42,301.62
2023-08-10,Social,Influencer_Collab,6093,74,1,78.34,97.89
2023-08-10,Display,Lookalike_Audience,12326,45,0,14.83,0.0
2023-08-10,Search,Product_Category,1288,80,9,196.54,289.95
2023-08-13,Search,Competitor_Terms,725,62,6,128.98,873.11
2023-08-13,Social,Influencer_Collab,5434,79,3,100.33,232.64
2023-08-13,Email,Promo_Flash_Sale,1438,32,3,19.11,252.03
2023-08-13,Display,Remarketing_Cart,8177,28,0,8.53,0.0
2023-08-16,Search,Long_Tail_Queries,1125,98,16,219.59,534.58
2023-08-16,Email,Promo_Flash_Sale,2276,110,8,59.82,624.13
2023-08-16,Display,Remarketing_Cart,11142,51,0,16.77,0.0
2023-08-16,Social,Influencer_Collab,5581,58,1,81.78,115.63
2023-08-19,Email,Onboarding_Drip,1065,51,2,29.75,194.03
2023-08-19,Display,Remarketing_Cart,8102,30,0,7.86,0.0
2023-08-19,Search,Product_Category,779,47,5,139.7,713.49
2023-08-19,Social,Product_Launch_IG,3815,59,2,71.4,153.39
2023-08-22,Social,Product_Launch_IG,5941,57,1,56.88,81.22
2023-08-22,Search,Competitor_Terms,744,43,5,87.7,170.49
2023-08-22,Email,Promo_Flash_Sale,2320,58,4,23.87,306.34
2023-08-22,Display,Banner_Homepage,10062,52,0,18.45,0.0
2023-08-26,Social,Brand_Awareness_FB,4050,49,1,53.19,89.1
2023-08-26,Display,Contextual_Targeting,7241,22,0,5.97,0.0
2023-08-26,Email,Onboarding_Drip,1634,66,6,31.64,329.5
2023-08-26,Search,Brand_Keywords,824,63,9,146.17,453.52
2023-08-29,Display,Banner_Homepage,26937,131,0,16.91,0.0
2023-08-29,Search,Brand_Keywords,786,60,7,175.01,649.37
2023-08-29,Email,Onboarding_Drip,1456,44,3,24.93,262.24
2023-08-29,Social,Retargeting_TikTok,5240,79,3,100.17,258.97
2023-09-02,Email,Re-engagement_Win-back,889,31,2,16.23,216.69
2023-09-02,Social,Retargeting_TikTok,4605,33,1,38.2,27.09
2023-09-02,Display,Banner_Homepage,6824,21,0,5.68,0.0
2023-09-02,Search,Brand_Keywords,477,38,5,106.63,693.61
2023-09-05,Display,Lookalike_Audience,11702,62,0,21.59,0.0
2023-09-05,Email,Newsletter_Weekly,2262,76,4,41.0,249.99
2023-09-05,Social,Brand_Awareness_FB,6458,99,3,99.48,217.22
2023-09-05,Search,Brand_Keywords,1023,77,5,219.09,528.07
2023-09-08,Email,Onboarding_Drip,2192,88,5,44.76,536.32
2023-09-08,Search,Competitor_Terms,743,38,6,90.79,822.39
2023-09-08,Display,Remarketing_Cart,10943,50,0,16.47,0.0
2023-09-08,Social,Retargeting_TikTok,4131,37,0,50.1,0.0
2023-09-11,Search,Competitor_Terms,689,49,7,132.94,246.78
2023-09-11,Display,Lookalike_Audience,10502,35,0,8.42,0.0
2023-09-11,Social,Influencer_Collab,6715,77,1,94.36,71.93
2023-09-11,Email,Onboarding_Drip,1557,66,7,31.64,851.86
2023-09-14,Social,Brand_Awareness_FB,5841,75,2,103.09,53.09
2023-09-14,Display,Contextual_Targeting,7090,23,0,5.69,0.0
2023-09-14,Email,Onboarding_Drip,1322,34,2,17.37,152.01
2023-09-14,Search,Competitor_Terms,1027,69,12,154.75,1081.66
2023-09-17,Display,Remarketing_Cart,6170,18,0,5.01,0.0
2023-09-17,Email,Promo_Flash_Sale,1074,50,4,24.96,408.33
2023-09-17,Social,Retargeting_TikTok,3447,56,1,70.43,125.51
2023-09-17,Search,Competitor_Terms,598,48,6,124.53,375.33
2023-09-20,Search,Product_Category,1056,44,7,122.98,763.86
2023-09-20,Display,Contextual_Targeting,7445,33,0,11.04,0.0
2023-09-20,Social,Retargeting_TikTok,6106,76,3,89.8,340.64
2023-09-20,Email,Promo_Flash_Sale,1528,67,4,28.33,381.93
2023-09-24,Search,Competitor_Terms,776,43,6,90.56,223.95
2023-09-24,Email,Newsletter_Weekly,1160,54,5,26.12,147.98
2023-09-24,Social,Influencer_Collab,2901,27,0,28.08,0.0
2023-09-24,Display,Banner_Homepage,5867,21,0,6.52,0.0
2023-09-28,Display,Contextual_Targeting,10731,51,0,15.62,0.0
2023-09-28,Social,Influencer_Collab,4829,71,2,80.03,74.41
2023-09-28,Email,Onboarding_Drip,1219,39,4,16.51,570.34
2023-09-28,Search,Competitor_Terms,760,41,6,86.72,786.89
2023-10-02,Social,Brand_Awareness_FB,5098,57,0,60.6,0.0
2023-10-02,Display,Contextual_Targeting,8551,38,0,11.91,0.0
2023-10-02,Search,Long_Tail_Queries,880,70,8,165.61,397.07
2023-10-02,Email,Promo_Flash_Sale,1858,71,3,37.73,223.34
2023-10-06,Display,Banner_Homepage,8254,23,0,6.76,0.0
2023-10-06,Social,Influencer_Collab,4377,36,0,37.0,0.0
2023-10-06,Search,Competitor_Terms,792,50,6,145.96,848.02
2023-10-06,Email,Newsletter_Weekly,1850,75,4,39.22,142.38
2023-10-10,Email,Re-engagement_Win-back,1204,52,6,26.06,521.23
2023-10-10,Social,Brand_Awareness_FB,5782,66,1,81.27,124.49
2023-10-10,Search,Brand_Keywords,710,47,3,115.49,353.44
2023-10-10,Display,Contextual_Targeting,8574,27,0,9.69,0.0
2023-10-14,Search,Competitor_Terms,676,47,4,127.41,416.39
2023-10-14,Email,Re-engagement_Win-back,1382,32,3,17.61,186.64
2023-10-14,Social,Product_Launch_IG,3055,47,0,64.64,0.0
2023-10-14,Display,Remarketing_Cart,6673,33,0,10.18,0.0
2023-10-17,Social,Product_Launch_IG,3953,56,1,55.35,59.67
2023-10-17,Search,Product_Category,687,52,8,143.6,876.23
2023-10-17,Display,Lookalike_Audience,8716,31,0,10.4,0.0
2023-10-17,Email,Newsletter_Weekly,1954,57,4,33.66,357.21
2023-10-20,Display,Contextual_Targeting,38801,103,0,15.13,0.0
2023-10-20,Email,Re-engagement_Win-back,1469,50,4,28.69,523.58
2023-10-20,Social,Product_Launch_IG,5444,75,3,100.64,224.14
2023-10-20,Search,Product_Category,803,44,4,112.08,165.3
2023-10-23,Email,Onboarding_Drip,1950,64,7,37.24,946.88
2023-10-23,Search,Brand_Keywords,911,71,7,148.48,258.29
2023-10-23,Social,Retargeting_TikTok,3794,40,0,51.16,0.0
2023-10-23,Display,Contextual_Targeting,6260,19,0,4.58,0.0
2023-10-27,Search,Long_Tail_Queries,853,40,4,88.52,474.13
2023-10-27,Email,Onboarding_Drip,1481,40,1,22.45,37.9
2023-10-27,Display,Contextual_Targeting,9736,26,0,8.59,0.0
2023-10-27,Social,Brand_Awareness_FB,3914,57,2,58.36,298.24
2023-10-30,Email,Onboarding_Drip,1762,49,4,22.03,400.5
2023-10-30,Search,Brand_Keywords,918,49,3,142.0,433.0
2023-10-30,Display,Lookalike_Audience,6757,30,0,10.4,0.0
2023-10-30,Social,Product_Launch_IG,5837,80,3,102.08,188.12
2023-11-03,Search,Competitor_Terms,1207,78,8,210.74,282.43
2023-11-03,Email,Newsletter_Weekly,1958,87,6,44.31,279.58
2023-11-03,Display,Contextual_Targeting,9711,32,0,8.46,0.0
2023-11-03,Social,Retargeting_TikTok,4973,39,0,38.19,0.0
2023-11-06,Display,Lookalike_Audience,10364,49,1,16.07,39.76
2023-11-06,Search,Competitor_Terms,1258,59,10,148.86,1228.73
2023-11-06,Social,Product_Launch_IG,6821,88,2,115.81,235.16
2023-11-06,Email,Newsletter_Weekly,1865,62,7,27.76,388.92
2023-11-10,Social,Brand_Awareness_FB,5166,79,1,81.81,121.67
2023-11-10,Search,Long_Tail_Queries,943,61,3,174.64,166.71
2023-11-10,Display,Contextual_Targeting,14117,41,0,10.01,0.0
2023-11-10,Email,Onboarding_Drip,1824,41,3,21.13,103.9
2023-11-14,Search,Product_Category,1320,72,5,176.89,355.57
2023-11-14,Social,Retargeting_TikTok,5725,85,3,120.53,100.85
2023-11-14,Display,Remarketing_Cart,12974,41,0,14.62,0.0
2023-11-14,Email,Newsletter_Weekly,1899,62,6,28.16,208.42
2023-11-18,Display,Banner_Homepage,9912,40,0,11.39,0.0
2023-11-18,Search,Competitor_Terms,761,67,11,143.54,659.76
2023-11-18,Social,Product_Launch_IG,3506,47,1,61.53,37.99
2023-11-18,Email,Onboarding_Drip,1056,34,1,15.96,129.95
2023-11-22,Search,Long_Tail_Queries,970,85,6,235.46,231.73
2023-11-22,Social,Retargeting_TikTok,6182,63,2,81.67,233.84
2023-11-22,Email,Onboarding_Drip,2343,75,6,30.93,646.83
2023-11-22,Display,Lookalike_Audience,11312,41,0,14.59,0.0
2023-11-25,Email,Onboarding_Drip,1152,50,3,27.05,301.24
2023-11-25,Display,Banner_Homepage,6300,16,0,4.27,0.0
2023-11-25,Search,Competitor_Terms,585,35,3,96.18,168.69
2023-11-25,Social,Product_Launch_IG,4020,56,2,64.41,62.24
2023-11-28,Email,Newsletter_Weekly,2756,63,7,27.69,740.24
2023-11-28,Search,Competitor_Terms,1402,83,5,222.71,233.0
2023-11-28,Social,Influencer_Collab,9133,138,3,135.31,247.87
2023-11-28,Display,Contextual_Targeting,10169,38,0,11.92,0.0
2023-12-02,Social,Influencer_Collab,5624,83,3,119.1,368.22
2023-12-02,Display,Remarketing_Cart,10326,50,0,17.95,0.0
2023-12-02,Email,Promo_Flash_Sale,1923,66,3,31.46,232.21
2023-12-02,Search,Brand_Keywords,756,51,5,115.79,141.29
2023-12-06,Social,Product_Launch_IG,7908,131,3,184.57,446.83
2023-12-06,Email,Promo_Flash_Sale,1725,67,4,37.74,558.63
2023-12-06,Display,Contextual_Targeting,12562,37,0,12.79,0.0
2023-12-06,Search,Competitor_Terms,1277,103,14,300.14,399.36
2023-12-09,Search,Product_Category,902,78,11,222.03,1458.42
2023-12-09,Display,Contextual_Targeting,9630,43,0,12.06,0.0
2023-12-09,Social,Product_Launch_IG,6347,66,1,88.78,133.53
2023-12-09,Email,Promo_Flash_Sale,1212,33,1,16.67,25.09
2023-12-13,Display,Banner_Homepage,15620,85,0,26.17,0.0
2023-12-13,Search,Product_Category,1582,139,14,416.21,2039.07
2023-12-13,Email,Promo_Flash_Sale,2547,65,7,35.02,987.74
2023-12-13,Social,Brand_Awareness_FB,8567,128,3,167.98,185.44
2023-12-17,Email,Onboarding_Drip,1513,45,4,26.67,510.83
2023-12-17,Display,Remarketing_Cart,9137,24,0,8.25,0.0
2023-12-17,Social,Brand_Awareness_FB,5379,52,1,51.61,57.08
2023-12-17,Search,Product_Category,648,40,4,86.65,307.01
2023-12-21,Email,Promo_Flash_Sale,1807,80,5,37.1,719.79
2023-12-21,Display,Lookalike_Audience,10662,32,0,10.45,0.0
2023-12-21,Search,Product_Category,1453,89,12,232.05,951.3
2023-12-21,Social,Influencer_Collab,9977,87,1,122.85,147.26
2023-12-24,Display,Lookalike_Audience,6944,28,0,9.7,0.0
2023-12-24,Search,Product_Category,1183,75,5,208.87,419.34
2023-12-24,Email,Re-engagement_Win-back,1453,32,2,18.18,88.4
2023-12-24,Social,Retargeting_TikTok,4328,65,2,77.39,74.25
2023-12-28,Display,Remarketing_Cart,11798,43,0,10.5,0.0
2023-12-28,Search,Long_Tail_Queries,1598,97,12,278.09,1012.24
2023-12-28,Email,Newsletter_Weekly,2463,67,4,27.63,476.12
2023-12-28,Social,Influencer_Collab,9232,138,3,182.59,160.32
2023-12-31,Social,Retargeting_TikTok,5688,94,2,135.24,206.81
2023-12-31,Display,Banner_Homepage,9653,51,0,16.53,0.0
2023-12-31,Search,Product_Category,850,65,10,135.66,945.46
2023-12-31,Email,Newsletter_Weekly,2271,76,8,32.94,411.89
2024-01-04,Social,Influencer_Collab,7281,113,4,156.1,232.07
2024-01-04,Email,Newsletter_Weekly,1472,54,4,32.02,150.1
2024-01-04,Search,Product_Category,718,38,2,99.13,223.42
2024-01-04,Display,Lookalike_Audience,11081,28,0,7.62,0.0
2024-01-07,Display,Remarketing_Cart,7963,29,0,8.78,0.0
2024-01-07,Social,Influencer_Collab,5148,52,1,65.02,36.16
2024-01-07,Email,Re-engagement_Win-back,1151,40,3,16.79,400.84
2024-01-07,Search,Product_Category,809,63,10,177.72,894.09
2024-01-10,Email,Re-engagement_Win-back,1636,55,6,29.75,355.48
2024-01-10,Display,Remarketing_Cart,7359,18,0,6.0,0.0
2024-01-10,Social,Influencer_Collab,6941,58,0,66.05,0.0
2024-01-10,Search,Product_Category,1080,61,4,176.56,474.48
2024-01-14,Search,Brand_Keywords,889,55,4,126.62,360.32
2024-01-14,Display,Lookalike_Audience,5175,28,0,9.54,0.0
2024-01-14,Social,Influencer_Collab,3830,49,2,63.8,227.34
2024-01-14,Email,Newsletter_Weekly,4586,100,1,21.13,120.95
2024-01-17,Display,Remarketing_Cart,10057,47,0,16.89,0.0
2024-01-17,Social,Influencer_Collab,5420,65,1,64.17,132.16
2024-01-17,Email,Onboarding_Drip,2221,76,5,34.6,328.21
2024-01-17,Search,Long_Tail_Queries,1169,86,12,228.36,1796.2
2024-01-21,Social,Retargeting_TikTok,4178,48,1,62.79,94.88
2024-01-21,Display,Banner_Homepage,6533,21,0,6.23,0.0
2024-01-21,Search,Product_Category,833,42,3,120.6,232.68
2024-01-21,Email,Promo_Flash_Sale,1779,70,5,39.84,650.4
2024-01-25,Display,Banner_Homepage,7825,25,0,6.51,0.0
2024-01-25,Email,Promo_Flash_Sale,2575,90,9,42.87,560.65
2024-01-25,Social,Retargeting_TikTok,5444,49,1,60.43,138.33
2024-01-25,Search,Brand_Keywords,1355,65,4,151.62,593.32
2024-01-29,Search,Brand_Keywords,1268,72,5,171.62,492.92
2024-01-29,Display,Remarketing_Cart,9992,33,0,10.28,0.0
2024-01-29,Email,Promo_Flash_Sale,2278,88,6,52.19,437.49
2024-01-29,Social,Product_Launch_IG,20272,360,5,174.67,456.9
2024-02-01,Display,Lookalike_Audience,12668,56,0,18.08,0.0
2024-02-01,Search,Brand_Keywords,1300,104,10,274.59,1214.06
2024-02-01,Social,Retargeting_TikTok,6040,85,1,111.55,98.71
2024-02-01,Email,Newsletter_Weekly,2809,97,9,42.0,1245.26
2024-02-05,Search,Competitor_Terms,905,40,3,87.99,173.62
2024-02-05,Email,Onboarding_Drip,2476,66,6,26.52,465.65
2024-02-05,Social,Retargeting_TikTok,7906,110,3,153.05,266.84
2024-02-05,Display,Contextual_Targeting,10777,39,0,11.93,0.0
2024-02-08,Social,Retargeting_TikTok,8726,69,2,96.21,211.08
2024-02-08,Email,Newsletter_Weekly,1884,40,1,16.88,96.77
2024-02-08,Display,Remarketing_Cart,11426,31,0,10.75,0.0
2024-02-08,Search,Product_Category,1026,42,6,120.71,789.19
2024-02-11,Email,Promo_Flash_Sale,1456,48,4,27.63,146.48
2024-02-11,Search,Competitor_Terms,925,74,5,199.52,161.65
2024-02-11,Display,Lookalike_Audience,6473,34,0,10.48,0.0
2024-02-11,Social,Influencer_Collab,4077,45,1,61.25,111.24
2024-02-14,Display,Banner_Homepage,12170,55,0,14.18,0.0
2024-02-14,Email,Re-engagement_Win-back,2808,128,12,74.03,1024.62
2024-02-14,Search,Competitor_Terms,1583,116,11,292.68,1238.3
2024-02-14,Social,Product_Launch_IG,7416,57,1,55.06,133.54
2024-02-17,Display,Lookalike_Audience,10016,24,0,5.86,0.0
2024-02-17,Search,Long_Tail_Queries,652,40,5,83.52,436.54
2024-02-17,Email,Re-engagement_Win-back,1778,45,4,25.67,534.71
2024-02-17,Social,Product_Launch_IG,4870,50,1,60.17,93.81
2024-02-21,Social,Product_Launch_IG,8221,108,3,137.75,343.47
2024-02-21,Email,Onboarding_Drip,2601,87,5,49.16,635.37
2024-02-21,Search,Brand_Keywords,890,51,6,142.8,560.77
2024-02-21,Display,Remarketing_Cart,9236,27,0,8.8,0.0
2024-02-25,Search,Competitor_Terms,1155,45,6,114.9,474.61
2024-02-25,Display,Lookalike_Audience,10078,29,0,7.32,0.0
2024-02-25,Email,Re-engagement_Win-back,1309,58,3,32.76,146.47
2024-02-25,Social,Product_Launch_IG,4112,54,1,55.03,136.47
2024-02-29,Display,Lookalike_Audience,16437,46,0,16.42,0.0
2024-02-29,Search,Product_Category,1478,129,17,283.91,1751.36
2024-02-29,Email,Onboarding_Drip,2340,89,8,40.02,597.87
2024-02-29,Social,Retargeting_TikTok,7968,67,1,86.83,118.55
2024-03-03,Search,Product_Category,761,59,4,134.91,225.28
2024-03-03,Social,Brand_Awareness_FB,7122,80,1,80.89,72.61
2024-03-03,Display,Remarketing_Cart,7641,31,0,9.12,0.0
2024-03-03,Email,Onboarding_Drip,2014,74,6,43.55,682.59
2024-03-07,Email,Re-engagement_Win-back,2127,91,9,41.64,972.56
2024-03-07,Search,Product_Category,1444,114,18,322.62,2500.84
2024-03-07,Social,Product_Launch_IG,7995,118,4,167.98,126.9
2024-03-07,Display,Remarketing_Cart,15529,64,1,21.32,145.54
2024-03-10,Display,Remarketing_Cart,7084,33,0,11.71,0.0
2024-03-10,Search,Product_Category,1007,79,10,224.61,626.44
2024-03-10,Email,Promo_Flash_Sale,1450,37,3,17.59,235.69
2024-03-10,Social,Retargeting_TikTok,4742,72,1,85.24,142.19
2024-03-14,Email,Onboarding_Drip,2651,85,5,49.02,539.58
2024-03-14,Search,Brand_Keywords,1059,60,5,158.54,699.13
2024-03-14,Social,Brand_Awareness_FB,7159,103,3,148.15,383.88
2024-03-14,Display,Lookalike_Audience,15293,52,1,18.38,73.23
2024-03-17,Display,Banner_Homepage,10592,57,1,14.73,82.4
2024-03-17,Email,Promo_Flash_Sale,2276,100,6,56.06,484.17
2024-03-17,Social,Brand_Awareness_FB,5429,43,0,61.33,0.0
2024-03-17,Search,Long_Tail_Queries,804,57,4,153.07,517.83
2024-03-20,Display,Remarketing_Cart,12189,65,0,22.01,0.0
2024-03-20,Social,Brand_Awareness_FB,30469,193,2,107.81,79.58
2024-03-20,Search,Brand_Keywords,1571,67,11,141.11,1356.98
2024-03-20,Email,Re-engagement_Win-back,1926,83,7,42.74,374.19
2024-03-24,Email,Onboarding_Drip,2136,92,9,42.23,938.3
2024-03-24,Search,Long_Tail_Queries,1014,89,8,244.6,1103.55
2024-03-24,Social,Influencer_Collab,7904,57,2,58.59,60.44
2024-03-24,Display,Banner_Homepage,12338,63,0,16.51,0.0
2024-03-28,Email,Newsletter_Weekly,2958,109,4,59.97,595.04
2024-03-28,Social,Product_Launch_IG,7820,61,1,79.81,85.9
2024-03-28,Search,Product_Category,1578,80,7,165.58,344.31
2024-03-28,Display,Contextual_Targeting,15309,51,0,15.7,0.0
2024-04-01,Display,Contextual_Targeting,16453,72,1,24.99,131.2
2024-04-01,Search,Product_Category,1162,81,13,231.56,552.5
2024-04-01,Social,Brand_Awareness_FB,9991,103,3,120.9,365.54
2024-04-01,Email,Promo_Flash_Sale,1901,53,3,29.04,238.55
2024-04-05,Social,Brand_Awareness_FB,8500,133,4,182.4,166.94
2024-04-05,Search,Competitor_Terms,1363,88,12,250.62,1509.81
2024-04-05,Email,Onboarding_Drip,3390,123,10,73.77,840.13
2024-04-05,Display,Remarketing_Cart,16781,47,0,14.47,0.0
2024-04-09,Email,Promo_Flash_Sale,3466,76,7,33.92,406.31
2024-04-09,Social,Retargeting_TikTok,9242,136,3,190.48,405.58
2024-04-09,Display,Remarketing_Cart,13547,48,0,16.69,0.0
2024-04-09,Search,Competitor_Terms,1114,99,13,225.08,1530.6
2024-04-13,Email,Promo_Flash_Sale,1759,79,6,39.22,603.16
2024-04-13,Social,Brand_Awareness_FB,6202,58,1,63.5,43.78
2024-04-13,Search,Competitor_Terms,1129,68,6,143.71,656.42
2024-04-13,Display,Banner_Homepage,11204,41,0,10.47,0.0
2024-04-17,Email,Newsletter_Weekly,2031,57,3,33.72,299.76
2024-04-17,Search,Competitor_Terms,1802,86,13,223.67,1616.25
2024-04-17,Display,Banner_Homepage,15860,63,0,20.3,0.0
2024-04-17,Social,Influencer_Collab,11326,160,6,226.35,312.45
2024-04-21,Search,Long_Tail_Queries,783,57,9,144.74,226.35
2024-04-21,Social,Brand_Awareness_FB,6891,61,2,76.12,269.44
2024-04-21,Email,Promo_Flash_Sale,1802,44,1,22.2,138.67
2024-04-21,Display,Contextual_Targeting,10506,37,0,11.23,0.0
2024-04-24,Search,Product_Category,1669,133,17,281.67,440.29
2024-04-24,Email,Re-engagement_Win-back,2930,122,12,65.8,446.58
2024-04-24,Social,Brand_Awareness_FB,10752,171,2,213.27,185.93
2024-04-24,Display,Lookalike_Audience,14025,38,0,11.79,0.0
2024-04-27,Email,Re-engagement_Win-back,2524,81,4,41.34,378.78
2024-04-27,Search,Product_Category,1194,74,10,159.97,518.07
2024-04-27,Social,Brand_Awareness_FB,5537,56,1,72.72,116.97
2024-04-27,Display,Banner_Homepage,12272,53,0,13.05,0.0
2024-05-01,Search,Brand_Keywords,1610,99,8,263.03,1003.91
2024-05-01,Social,Product_Launch_IG,11685,129,4,141.58,581.76
2024-05-01,Display,Banner_Homepage,17388,70,1,21.97,109.25
2024-05-01,Email,Re-engagement_Win-back,2738,103,4,46.62,285.42
2024-05-05,Search,Brand_Keywords,944,76,6,225.19,491.07
2024-05-05,Social,Retargeting_TikTok,7418,58,1,63.6,128.72
2024-05-05,Email,Newsletter_Weekly,1465,42,3,22.43,227.04
2024-05-05,Display,Lookalike_Audience,8902,32,0,7.96,0.0
2024-05-08,Social,Product_Launch_IG,10276,162,6,193.0,343.36
2024-05-08,Email,Re-engagement_Win-back,3103,149,12,82.55,1436.21
2024-05-08,Display,Remarketing_Cart,13927,66,0,20.23,0.0
2024-05-08,Search,Brand_Keywords,6147,186,8,245.3,716.5
2024-05-11,Social,Brand_Awareness_FB,7922,72,1,77.75,102.32
2024-05-11,Email,Promo_Flash_Sale,1572,65,7,28.47,819.97
2024-05-11,Search,Brand_Keywords,799,34,5,84.75,129.14
2024-05-11,Display,Lookalike_Audience,12522,44,0,15.3,0.0
2024-05-15,Social,Brand_Awareness_FB,9097,112,3,128.69,332.38
2024-05-15,Email,Re-engagement_Win-back,2238,94,7,45.08,831.4
2024-05-15,Display,Lookalike_Audience,13522,69,0,18.74,0.0
2024-05-15,Search,Product_Category,1650,103,14,207.22,718.82
2024-05-18,Display,Contextual_Targeting,8292,33,0,11.28,0.0
2024-05-18,Email,Re-engagement_Win-back,1563,51,3,28.07,211.9
2024-05-18,Social,Product_Launch_IG,5195,43,1,46.0,37.48
2024-05-18,Search,Brand_Keywords,1063,88,7,246.4,821.22
2024-05-21,Display,Banner_Homepage,18851,62,0,18.68,0.0
2024-05-21,Search,Competitor_Terms,1327,80,8,214.37,805.58
2024-05-21,Email,Onboarding_Drip,2334,105,4,44.08,181.67
2024-05-21,Social,Retargeting_TikTok,9021,119,3,133.36,210.36
2024-05-25,Display,Remarketing_Cart,11700,47,0,12.22,0.0
2024-05-25,Search,Product_Category,1112,84,11,201.22,1495.58
2024-05-25,Social,Retargeting_TikTok,6867,87,3,86.5,135.75
2024-05-25,Email,Re-engagement_Win-back,2040,69,8,39.58,840.58
2024-05-28,Social,Product_Launch_IG,9308,69,1,91.58,35.41
2024-05-28,Search,Competitor_Terms,1086,94,10,209.56,1171.99
2024-05-28,Email,Re-engagement_Win-back,3430,139,6,60.24,227.26
2024-05-28,Display,Contextual_Targeting,11271,57,0,18.22,0.0
2024-06-01,Search,Competitor_Terms,1251,80,6,167.16,380.9
2024-06-01,Email,Promo_Flash_Sale,2421,87,5,42.54,730.96
2024-06-01,Display,Banner_Homepage,8865,21,0,7.18,0.0
2024-06-01,Social,Retargeting_TikTok,6623,76,2,104.96,158.74
2024-06-05,Email,Newsletter_Weekly,3383,116,4,56.39,246.46
2024-06-05,Social,Influencer_Collab,9149,82,3,95.92,168.71
2024-06-05,Display,Lookalike_Audience,12389,59,1,17.08,131.69
2024-06-05,Search,Product_Category,1703,85,5,223.15,447.88
2024-06-08,Search,Brand_Keywords,984,55,5,153.97,748.73
2024-06-08,Social,Brand_Awareness_FB,7929,78,1,91.29,26.03
2024-06-08,Display,Contextual_Targeting,8878,45,0,11.1,0.0
2024-06-08,Email,Promo_Flash_Sale,5161,192,4,39.87,193.89
2024-06-12,Email,Promo_Flash_Sale,2135,95,10,53.74,402.45
2024-06-12,Display,Banner_Homepage,16021,66,0,19.65,0.0
2024-06-12,Search,Brand_Keywords,1414,127,14,340.54,896.19
2024-06-12,Social,Brand_Awareness_FB,8127,134,3,192.61,149.69
2024-06-16,Social,Retargeting_TikTok,7087,51,0,68.14,0.0
2024-06-16,Email,Re-engagement_Win-back,2326,64,4,25.79,497.2
2024-06-16,Display,Lookalike_Audience,7111,31,0,10.38,0.0
2024-06-16,Search,Brand_Keywords,1123,58,6,155.78,403.82
2024-06-20,Search,Product_Category,1179,96,16,245.23,537.75
2024-06-20,Email,Re-engagement_Win-back,2913,62,4,33.78,225.35
2024-06-20,Display,Banner_Homepage,16242,67,0,22.32,0.0
2024-06-20,Social,Influencer_Collab,8820,109,3,134.29,278.86
2024-06-23,Email,Re-engagement_Win-back,2063,57,5,30.3,461.85
2024-06-23,Social,Brand_Awareness_FB,6843,59,1,68.25,65.25
2024-06-23,Display,Lookalike_Audience,9846,49,0,14.85,0.0
2024-06-23,Search,Brand_Keywords,685,60,4,121.88,153.53
2024-06-27,Search,Brand_Keywords,1588,83,5,171.84,314.94
2024-06-27,Display,Remarketing_Cart,10116,31,0,8.16,0.0
2024-06-27,Email,Newsletter_Weekly,2651,60,6,26.5,518.55
2024-06-27,Social,Brand_Awareness_FB,8151,108,2,142.22,272.61
2024-07-01,Search,Long_Tail_Queries,1650,141,17,422.56,2220.31
2024-07-01,Social,Influencer_Collab,6548,58,1,65.08,44.77
2024-07-01,Email,Newsletter_Weekly,2818,119,10,63.65,1128.19
2024-07-01,Display,Lookalike_Audience,15658,53,0,16.19,0.0
2024-07-04,Email,Promo_Flash_Sale,3098,103,7,56.16,1035.09
2024-07-04,Search,Competitor_Terms,1619,106,13,272.59,478.22
2024-07-04,Social,Retargeting_TikTok,10480,105,2,111.98,263.93
2024-07-04,Display,Contextual_Targeting,10131,36,0,9.65,0.0
2024-07-08,Display,Lookalike_Audience,13745,60,0,18.18,0.0
2024-07-08,Social,Retargeting_TikTok,8406,84,3,103.88,104.43
2024-07-08,Search,Brand_Keywords,1156,94,10,269.58,1337.23
2024-07-08,Email,Newsletter_Weekly,2720,112,11,48.67,1410.34
2024-07-12,Social,Brand_Awareness_FB,6510,64,1,65.5,35.32
2024-07-12,Search,Long_Tail_Queries,1286,67,7,163.11,785.64
2024-07-12,Email,Newsletter_Weekly,1856,73,8,43.38,952.84
2024-07-12,Display,Remarketing_Cart,12946,51,0,13.44,0.0
2024-07-16,Search,Competitor_Terms,1313,118,13,253.21,397.93
2024-07-16,Email,Re-engagement_Win-back,1710,73,4,42.69,144.8
2024-07-16,Social,Retargeting_TikTok,7051,63,1,80.3,121.21
2024-07-16,Display,Remarketing_Cart,13640,39,0,9.76,0.0
2024-07-19,Email,Promo_Flash_Sale,1607,64,3,31.36,83.53
2024-07-19,Social,Brand_Awareness_FB,6219,76,1,90.58,116.24
2024-07-19,Display,Lookalike_Audience,8857,39,0,11.18,0.0
2024-07-19,Search,Product_Category,1120,96,11,216.52,357.65
2024-07-22,Display,Banner_Homepage,10040,55,0,18.56,0.0
2024-07-22,Email,Newsletter_Weekly,1591,72,6,32.13,435.53
2024-07-22,Search,Product_Category,3043,176,7,186.74,826.34
2024-07-22,Social,Brand_Awareness_FB,9261,109,3,109.25,149.58
2024-07-25,Search,Competitor_Terms,968,44,5,123.2,664.12
2024-07-25,Email,Promo_Flash_Sale,1840,56,3,23.94,348.71
2024-07-25,Social,Product_Launch_IG,6981,88,2,97.68,201.34
2024-07-25,Display,Banner_Homepage,11259,59,1,18.81,95.61
2024-07-28,Social,Product_Launch_IG,4466,64,2,81.0,234.58
2024-07-28,Search,Competitor_Terms,619,30,4,78.36,233.43
2024-07-28,Email,Re-engagement_Win-back,1231,54,2,21.92,129.67
2024-07-28,Display,Contextual_Targeting,8571,26,0,6.49,0.0
2024-07-31,Search,Competitor_Terms,1432,129,21,321.2,1377.85
2024-07-31,Email,Newsletter_Weekly,1732,55,4,23.8,213.14
2024-07-31,Social,Product_Launch_IG,8942,145,3,185.93,151.06
2024-07-31,Display,Banner_Homepage,10903,53,0,17.96,0.0
2024-08-03,Search,Competitor_Terms,914,49,3,112.43,419.64
2024-08-03,Display,Remarketing_Cart,7683,34,0,10.2,0.0
2024-08-03,Social,Retargeting_TikTok,5079,61,2,60.0,122.79
2024-08-03,Email,Newsletter_Weekly,1430,63,2,37.75,179.68
2024-08-07,Social,Brand_Awareness_FB,5178,53,1,68.98,45.5
2024-08-07,Email,Re-engagement_Win-back,1953,65,3,33.67,342.24
2024-08-07,Display,Remarketing_Cart,10187,36,0,12.58,0.0
2024-08-07,Search,Competitor_Terms,844,52,5,131.24,365.05
2024-08-11,Display,Remarketing_Cart,7319,27,0,6.5,0.0
2024-08-11,Search,Long_Tail_Queries,734,61,7,122.35,947.37
2024-08-11,Social,Brand_Awareness_FB,4108,36,1,51.16,25.44
2024-08-11,Email,Re-engagement_Win-back,1723,44,4,21.29,254.76
2024-08-14,Email,Onboarding_Drip,1608,36,2,15.45,58.11
2024-08-14,Social,Product_Launch_IG,5943,47,0,67.54,0.0
2024-08-14,Display,Lookalike_Audience,12614,60,1,14.87,83.85
2024-08-14,Search,Long_Tail_Queries,1354,105,10,213.76,1210.64
2024-08-17,Search,Long_Tail_Queries,623,42,5,122.94,508.93
2024-08-17,Email,Newsletter_Weekly,1388,49,4,25.6,154.65
2024-08-17,Social,Retargeting_TikTok,4510,62,2,88.87,121.8
2024-08-17,Display,Banner_Homepage,18398,55,0,6.83,0.0
2024-08-21,Social,Brand_Awareness_FB,6905,95,2,94.29,125.07
2024-08-21,Display,Contextual_Targeting,9152,31,0,10.85,0.0
2024-08-21,Email,Newsletter_Weekly,2253,110,8,51.34,760.42
2024-08-21,Search,Competitor_Terms,782,44,4,113.03,580.06
2024-08-25,Social,Retargeting_TikTok,5239,52,1,57.79,91.99
2024-08-25,Search,Long_Tail_Queries,823,70,7,207.87,420.4
2024-08-25,Email,Newsletter_Weekly,1408,64,5,29.89,614.99
2024-08-25,Display,Lookalike_Audience,7509,38,0,10.9,0.0
2024-08-28,Display,Remarketing_Cart,11435,32,0,10.84,0.0
2024-08-28,Social,Influencer_Collab,5088,51,0,68.18,0.0
2024-08-28,Email,Onboarding_Drip,2071,59,2,33.95,142.9
2024-08-28,Search,Product_Category,984,79,13,170.17,877.69
2024-09-01,Email,Newsletter_Weekly,1431,48,4,24.21,102.05
2024-09-01,Search,Brand_Keywords,728,36,3,82.32,274.6
2024-09-01,Social,Retargeting_TikTok,3783,59,1,78.34,118.19
2024-09-01,Display,Lookalike_Audience,5808,16,0,5.68,0.0
2024-09-04,Email,Onboarding_Drip,1530,72,7,37.07,324.87
2024-09-04,Search,Product_Category,904,43,5,111.49,647.61
2024-09-04,Social,Brand_Awareness_FB,6057,46,0,64.1,0.0
2024-09-04,Display,Contextual_Targeting,8396,42,0,13.46,0.0
2024-09-08,Search,Long_Tail_Queries,726,53,8,152.77,653.28
2024-09-08,Email,Re-engagement_Win-back,919,39,3,16.36,191.4
2024-09-08,Social,Product_Launch_IG,3985,64,1,88.96,57.26
2024-09-08,Display,Banner_Homepage,4983,19,0,5.2,0.0
2024-09-12,Display,Contextual_Targeting,7310,33,0,10.74,0.0
2024-09-12,Search,Competitor_Terms,1080,75,11,182.65,1357.57
2024-09-12,Social,Product_Launch_IG,5992,56,1,58.03,85.3
2024-09-12,Email,Re-engagement_Win-back,2030,87,5,46.1,620.27
2024-09-15,Email,Re-engagement_Win-back,1215,53,2,31.33,67.4
2024-09-15,Search,Competitor_Terms,724,53,6,121.45,611.68
2024-09-15,Social,Brand_Awareness_FB,3517,47,0,50.03,0.0
2024-09-15,Display,Contextual_Targeting,6961,23,0,8.04,0.0
2024-09-18,Display,Lookalike_Audience,8503,26,0,6.67,0.0
2024-09-18,Social,Retargeting_TikTok,5096,63,1,81.75,127.59
2024-09-18,Search,Long_Tail_Queries,1078,55,7,131.68,453.36
2024-09-18,Email,Newsletter_Weekly,2147,80,7,40.17,916.68
2024-09-22,Social,Influencer_Collab,4890,41,0,55.22,0.0
2024-09-22,Search,Long_Tail_Queries,653,40,4,112.8,292.36
2024-09-22,Email,Re-engagement_Win-back,3238,109,4,18.78,135.87
2024-09-22,Display,Lookalike_Audience,6471,27,0,7.25,0.0
2024-09-25,Display,Lookalike_Audience,9178,48,0,11.58,0.0
2024-09-25,Email,Promo_Flash_Sale,2074,76,7,32.12,596.34
2024-09-25,Social,Brand_Awareness_FB,6114,74,3,97.7,179.78
2024-09-25,Search,Product_Category,728,52,7,138.77,773.56
2024-09-29,Display,Remarketing_Cart,5046,22,0,5.96,0.0
2024-09-29,Social,Retargeting_TikTok,4209,53,0,62.92,0.0
2024-09-29,Email,Onboarding_Drip,1013,49,3,21.24,335.64
2024-09-29,Search,Product_Category,702,50,4,104.13,352.8
2024-10-03,Email,Newsletter_Weekly,1444,37,3,16.55,142.8
2024-10-03,Social,Influencer_Collab,4730,37,0,52.11,0.0
2024-10-03,Search,Product_Category,971,49,5,129.24,256.79
2024-10-03,Display,Contextual_Targeting,6122,19,0,4.68,0.0
2024-10-07,Email,Onboarding_Drip,5587,142,4,24.88,535.14
2024-10-07,Social,Influencer_Collab,6592,90,1,126.05,104.68
2024-10-07,Display,Remarketing_Cart,8066,36,0,11.54,0.0
2024-10-07,Search,Long_Tail_Queries,880,64,5,145.3,626.45
2024-10-10,Search,Competitor_Terms,1041,75,10,159.0,1320.55
2024-10-10,Social,Product_Launch_IG,4666,66,1,64.44,102.42
2024-10-10,Email,Re-engagement_Win-back,1580,62,6,24.95,223.27
2024-10-10,Display,Lookalike_Audience,10143,46,0,13.62,0.0
2024-10-14,Social,Influencer_Collab,4721,49,0,69.52,0.0
2024-10-14,Email,Newsletter_Weekly,1699,67,6,30.25,735.55
2024-10-14,Display,Lookalike_Audience,6752,30,0,9.78,0.0
2024-10-14,Search,Long_Tail_Queries,1046,51,5,134.92,192.77
2024-10-18,Email,Promo_Flash_Sale,1076,37,3,14.81,89.19
2024-10-18,Search,Long_Tail_Queries,760,58,9,120.07,479.08
2024-10-18,Display,Banner_Homepage,6235,25,0,7.0,0.0
2024-10-18,Social,Influencer_Collab,5649,89,2,107.46,284.98
2024-10-21,Social,Retargeting_TikTok,5188,85,2,93.79,147.53
2024-10-21,Email,Promo_Flash_Sale,1538,73,3,35.91,362.44
2024-10-21,Search,Competitor_Terms,797,67,7,146.69,206.24
2024-10-21,Display,Contextual_Targeting,7986,20,0,5.54,0.0
2024-10-24,Search,Brand_Keywords,796,31,5,81.17,276.68
2024-10-24,Display,Banner_Homepage,6440,16,0,5.36,0.0
2024-10-24,Email,Re-engagement_Win-back,1085,24,2,9.81,79.55
2024-10-24,Social,Product_Launch_IG,6333,98,3,128.94,162.37
2024-10-27,Search,Competitor_Terms,591,33,2,70.66,153.79
2024-10-27,Display,Remarketing_Cart,5396,28,0,7.06,0.0
2024-10-27,Email,Re-engagement_Win-back,807,30,2,12.38,100.66
2024-10-27,Social,Brand_Awareness_FB,3132,51,1,52.32,129.55
2024-10-30,Display,Banner_Homepage,8610,42,0,10.1,0.0
2024-10-30,Email,Onboarding_Drip,1841,42,1,24.58,113.34
2024-10-30,Social,Influencer_Collab,4748,70,2,90.46,101.54
2024-10-30,Search,Brand_Keywords,757,66,8,134.48,380.0
2024-11-02,Display,Banner_Homepage,5695,27,0,7.05,0.0
2024-11-02,Email,Newsletter_Weekly,1791,87,7,42.88,723.16
2024-11-02,Social,Brand_Awareness_FB,4002,59,2,84.07,168.6
2024-11-02,Search,Long_Tail_Queries,574,33,2,74.3,204.2
2024-11-05,Email,Onboarding_Drip,2604,107,9,49.78,448.6
2024-11-05,Social,Product_Launch_IG,5880,48,1,51.54,76.57
2024-11-05,Display,Remarketing_Cart,10468,29,0,9.16,0.0
2024-11-05,Search,Competitor_Terms,835,57,3,138.84,156.06
2024-11-08,Email,Onboarding_Drip,2354,53,2,30.23,164.64
2024-11-08,Social,Product_Launch_IG,5854,58,1,77.8,144.1
2024-11-08,Search,Product_Category,846,70,8,209.7,791.58
2024-11-08,Display,Remarketing_Cart,7980,30,0,8.09,0.0
2024-11-11,Search,Brand_Keywords,1261,75,6,176.88,329.3
2024-11-11,Display,Contextual_Targeting,11169,37,0,12.69,0.0
2024-11-11,Social,Brand_Awareness_FB,6978,103,4,121.25,220.26
2024-11-11,Email,Re-engagement_Win-back,2015,44,5,24.05,440.14
2024-11-15,Display,Lookalike_Audience,12997,33,0,10.59,0.0
2024-11-15,Email,Newsletter_Weekly,2483,112,8,62.49,570.42
2024-11-15,Search,Product_Category,1273,90,11,198.64,1216.41
2024-11-15,Social,Retargeting_TikTok,8655,68,2,76.15,58.18
2024-11-19,Social,Product_Launch_IG,5622,58,1,73.75,117.17
2024-11-19,Search,Brand_Keywords,1323,103,10,298.49,879.46
2024-11-19,Email,Promo_Flash_Sale,2308,72,3,36.85,100.13
2024-11-19,Display,Lookalike_Audience,8478,29,0,8.79,0.0
2024-11-23,Search,Competitor_Terms,908,58,9,146.2,930.69
2024-11-23,Social,Brand_Awareness_FB,3822,41,0,58.22,0.0
2024-11-23,Display,Remarketing_Cart,8001,29,0,7.03,0.0
2024-11-23,Email,Re-engagement_Win-back,1634,70,8,39.32,1140.88
2024-11-26,Search,Competitor_Terms,1502,118,7,277.67,573.94
2024-11-26,Social,Retargeting_TikTok,7139,90,3,99.64,370.98
2024-11-26,Display,Remarketing_Cart,13207,43,0,14.65,0.0
2024-11-26,Email,Re-engagement_Win-back,2080,63,5,29.31,495.85
2024-11-30,Email,Newsletter_Weekly,1313,29,1,12.33,57.55
2024-11-30,Display,Remarketing_Cart,10660,44,0,13.98,0.0
2024-11-30,Search,Brand_Keywords,1041,62,7,133.01,575.79
2024-11-30,Social,Brand_Awareness_FB,5712,94,1,110.47,146.93
2024-12-04,Display,Lookalike_Audience,15499,56,0,17.49,0.0
2024-12-04,Social,Product_Launch_IG,7090,108,3,108.47,95.64
2024-12-04,Search,Brand_Keywords,1409,111,9,231.28,1180.63
2024-12-04,Email,Newsletter_Weekly,2041,49,3,19.99,329.25
2024-12-08,Social,Retargeting_TikTok,6565,52,1,61.01,149.07
2024-12-08,Display,Contextual_Targeting,6744,22,0,6.67,0.0
2024-12-08,Email,Re-engagement_Win-back,1268,56,3,26.58,181.74
2024-12-08,Search,Brand_Keywords,684,52,8,141.89,614.19
2024-12-11,Email,Promo_Flash_Sale,1638,63,3,27.4,248.29
2024-12-11,Search,Long_Tail_Queries,1237,95,8,265.17,354.02
2024-12-11,Display,Banner_Homepage,9615,43,0,11.25,0.0
2024-12-11,Social,Retargeting_TikTok,6358,96,2,114.77,255.7
2024-12-14,Search,Competitor_Terms,1063,50,3,115.98,404.37
2024-12-14,Display,Banner_Homepage,6445,22,0,7.8,0.0
2024-12-14,Email,Re-engagement_Win-back,1913,66,7,34.31,491.54
2024-12-14,Social,Brand_Awareness_FB,6722,88,2,113.8,79.9
2024-12-18,Search,Competitor_Terms,1296,75,8,175.52,1110.79
2024-12-18,Social,Product_Launch_IG,6916,96,2,116.79,137.91
2024-12-18,Email,Onboarding_Drip,2788,72,3,39.64,278.89
2024-12-18,Display,Banner_Homepage,12850,65,1,19.96,111.21
2024-12-22,Social,Retargeting_TikTok,4482,51,2,61.77,292.53
2024-12-22,Email,Onboarding_Drip,1675,38,4,22.22,339.76
2024-12-22,Search,Competitor_Terms,656,53,4,151.41,171.18
2024-12-22,Display,Remarketing_Cart,24394,99,0,13.59,0.0
2024-12-25,Social,Product_Launch_IG,9134,131,5,183.62,253.38
2024-12-25,Search,Product_Category,1463,59,4,162.03,238.69
2024-12-25,Display,Banner_Homepage,10575,42,0,11.3,0.0
2024-12-25,Email,Onboarding_Drip,1791,70,6,34.57,831.4
2024-12-29,Social,Brand_Awareness_FB,7428,114,3,147.64,144.42
2024-12-29,Search,Product_Category,767,44,4,97.43,213.78
2024-12-29,Email,Promo_Flash_Sale,2009,96,5,52.88,127.71
2024-12-29,Display,Banner_Homepage,7347,20,0,6.63,0.0
